[{"model": "workflows.state", "pk": 1, "fields": {"name": "ingreso"}}, {"model": "workflows.state", "pk": 2, "fields": {"name": "revision_ingreso"}}, {"model": "workflows.state", "pk": 3, "fields": {"name": "analisis"}}, {"model": "workflows.state", "pk": 5, "fields": {"name": "paso 4"}}, {"model": "workflows.state", "pk": 6, "fields": {"name": "paso 5"}}, {"model": "workflows.state", "pk": 7, "fields": {"name": "paso_1_slice"}}, {"model": "workflows.state", "pk": 8, "fields": {"name": "paso_2_slice"}}, {"model": "workflows.state", "pk": 9, "fields": {"name": "paso_3_slice"}}, {"model": "workflows.flow", "pk": 1, "fields": {"name": "Flujo Ingreso", "parent": null}}, {"model": "workflows.flow", "pk": 2, "fields": {"name": "Flujo Analisis", "parent": 1}}, {"model": "workflows.permission", "pk": 1, "fields": {"name": "Paso 1 - Llenar", "type_permission": "w", "from_state": 1, "to_state": 2}}, {"model": "workflows.permission", "pk": 2, "fields": {"name": "Paso 2 - Revisar", "type_permission": "a", "from_state": 2, "to_state": 3}}, {"model": "workflows.permission", "pk": 3, "fields": {"name": "Paso 3", "type_permission": "w", "from_state": 3, "to_state": 5}}, {"model": "workflows.permission", "pk": 4, "fields": {"name": "Paso 4", "type_permission": "w", "from_state": 5, "to_state": 6}}, {"model": "workflows.permission", "pk": 5, "fields": {"name": "Paso 1 - Slice", "type_permission": "w", "from_state": 7, "to_state": 8}}, {"model": "workflows.permission", "pk": 6, "fields": {"name": "Paso 2 - Slice", "type_permission": "w", "from_state": 8, "to_state": 9}}, {"model": "workflows.permission", "pk": 7, "fields": {"name": "Paso 3 - Slice", "type_permission": "w", "from_state": 9, "to_state": 9}}, {"model": "workflows.actor", "pk": 1, "fields": {"name": "Secretaria", "profile": 1, "permission": [1, 2]}}, {"model": "workflows.actor", "pk": 2, "fields": {"name": "Revisor", "profile": 2, "permission": [2]}}, {"model": "workflows.actor", "pk": 3, "fields": {"name": "Admin", "profile": 3, "permission": [1, 2, 3, 4, 5, 6, 7]}}, {"model": "workflows.step", "pk": 1, "fields": {"name": "Paso 1", "tag": "step_1_main", "flow": 1, "route": "app/flujo_principal/step-1", "order": 1, "actors": [1, 3]}}, {"model": "workflows.step", "pk": 2, "fields": {"name": "Paso 2", "tag": "step_2_main", "flow": 1, "route": "app/flujo_principal/step-2", "order": 2, "actors": [1, 3]}}, {"model": "workflows.step", "pk": 3, "fields": {"name": "Paso 3", "tag": "step_3_main", "flow": 1, "route": "app/flujo_principal/step-3", "order": 3, "actors": [2, 3]}}, {"model": "workflows.step", "pk": 5, "fields": {"name": "Paso 4", "tag": "step_4_main", "flow": 1, "route": "app/flujo_principal/step-4", "order": 4, "actors": [1, 3]}}, {"model": "workflows.step", "pk": 7, "fields": {"name": "Paso 1", "tag": "step_1_analysis", "flow": 2, "route": "app/flujo_analisis/step-1", "order": 1, "actors": [3]}}, {"model": "workflows.step", "pk": 8, "fields": {"name": "Paso 2", "tag": "step_2_analysis", "flow": 2, "route": "app/flujo_analisis/step-2", "order": 2, "actors": [3]}}, {"model": "workflows.step", "pk": 9, "fields": {"name": "Paso 3", "tag": "step_3_analysis", "flow": 2, "route": "app/flujo_analisis/step-3", "order": 3, "actors": [3]}}, {"model": "workflows.form", "pk": 63, "fields": {"flow": 1, "state": 5, "content_type": 14, "object_id": 355}}, {"model": "workflows.form", "pk": 64, "fields": {"flow": 2, "state": 7, "content_type": 28, "object_id": 320}}, {"model": "workflows.form", "pk": 67, "fields": {"flow": 1, "state": 5, "content_type": 14, "object_id": 357}}, {"model": "workflows.form", "pk": 68, "fields": {"flow": 2, "state": 7, "content_type": 28, "object_id": 322}}, {"model": "workflows.form", "pk": 69, "fields": {"flow": 2, "state": 7, "content_type": 28, "object_id": 323}}, {"model": "workflows.form", "pk": 70, "fields": {"flow": 1, "state": 5, "content_type": 14, "object_id": 358}}, {"model": "workflows.form", "pk": 71, "fields": {"flow": 2, "state": 9, "content_type": 28, "object_id": 324}}, {"model": "workflows.form", "pk": 72, "fields": {"flow": 2, "state": 7, "content_type": 28, "object_id": 325}}, {"model": "workflows.form", "pk": 73, "fields": {"flow": 1, "state": 1, "content_type": 14, "object_id": 359}}, {"model": "workflows.form", "pk": 74, "fields": {"flow": 1, "state": 1, "content_type": 14, "object_id": 360}}, {"model": "workflows.form", "pk": 75, "fields": {"flow": 1, "state": 2, "content_type": 14, "object_id": 361}}, {"model": "workflows.form", "pk": 76, "fields": {"flow": 2, "state": 7, "content_type": 28, "object_id": 326}}, {"model": "workflows.form", "pk": 77, "fields": {"flow": 2, "state": 7, "content_type": 28, "object_id": 327}}, {"model": "workflows.form", "pk": 78, "fields": {"flow": 1, "state": 2, "content_type": 14, "object_id": 362}}, {"model": "workflows.form", "pk": 79, "fields": {"flow": 2, "state": 7, "content_type": 28, "object_id": 328}}, {"model": "workflows.form", "pk": 80, "fields": {"flow": 2, "state": 7, "content_type": 28, "object_id": 329}}, {"model": "workflows.form", "pk": 81, "fields": {"flow": 1, "state": 2, "content_type": 14, "object_id": 363}}, {"model": "workflows.form", "pk": 82, "fields": {"flow": 2, "state": 7, "content_type": 28, "object_id": 330}}, {"model": "workflows.form", "pk": 83, "fields": {"flow": 2, "state": 7, "content_type": 28, "object_id": 331}}, {"model": "workflows.form", "pk": 84, "fields": {"flow": 1, "state": 2, "content_type": 14, "object_id": 364}}, {"model": "workflows.form", "pk": 85, "fields": {"flow": 2, "state": 7, "content_type": 28, "object_id": 332}}, {"model": "workflows.form", "pk": 86, "fields": {"flow": 2, "state": 7, "content_type": 28, "object_id": 333}}, {"model": "workflows.form", "pk": 87, "fields": {"flow": 1, "state": 2, "content_type": 14, "object_id": 365}}, {"model": "workflows.form", "pk": 88, "fields": {"flow": 2, "state": 7, "content_type": 28, "object_id": 334}}, {"model": "workflows.form", "pk": 89, "fields": {"flow": 2, "state": 7, "content_type": 28, "object_id": 335}}, {"model": "workflows.form", "pk": 90, "fields": {"flow": 1, "state": 5, "content_type": 14, "object_id": 366}}, {"model": "workflows.form", "pk": 91, "fields": {"flow": 2, "state": 7, "content_type": 28, "object_id": 336}}, {"model": "workflows.form", "pk": 92, "fields": {"flow": 2, "state": 7, "content_type": 28, "object_id": 337}}]